name,start,end,size
sub_0031D280,0x31d280,0x383b30,420016
sub_00383B30,0x383b30,0x383c38,264
sub_00383C38,0x383c38,0x383d78,320
sub_00383D78,0x383d78,0x383f18,416
sub_00383F18,0x383f18,0x383f60,72
sub_00383F60,0x383f60,0x3844f0,1424
sub_003844F0,0x3844f0,0x3849a0,1200
sub_003849A0,0x3849a0,0x384d68,968
sub_00384D68,0x384d68,0x384e38,208
sub_00384E38,0x384e38,0x3c7ba0,273768
sub_003C7BA0,0x3c7ba0,0x3c7c20,128
sub_003C7C20,0x3c7c20,0x3c7cb0,144
sub_003C7CB0,0x3c7cb0,0x3c7d30,128
sub_003C7D30,0x3c7d30,0x3c7de0,176
sub_003C7DE0,0x3c7de0,0x3c7eb0,208
sub_003C7EB0,0x3c7eb0,0x3c7f30,128
sub_003C7F30,0x3c7f30,0x3c7fb0,128
sub_003C7FB0,0x3c7fb0,0x3c8030,128
sub_003C8030,0x3c8030,0x3c80b0,128
sub_003C80B0,0x3c80b0,0x3c80f0,64
sub_003C80F0,0x3c80f0,0x3c81a0,176
sub_003C81A0,0x3c81a0,0x3c84f0,848
sub_003C84F0,0x3c84f0,0x3c8570,128
sub_003C8570,0x3c8570,0x3c85f0,128
sub_003C85F0,0x3c85f0,0x3c86e0,240
sub_003C86E0,0x3c86e0,0x3c8760,128
sub_003C8760,0x3c8760,0x3c87e0,128
sub_003C87E0,0x3c87e0,0x3c8860,128
sub_003C8860,0x3c8860,0x3c8910,176
sub_003C8910,0x3c8910,0x3c8990,128
sub_003C8990,0x3c8990,0x3c8a30,160
sub_003C8A30,0x3c8a30,0x3c8ab0,128
sub_003C8AB0,0x3c8ab0,0x3c8b10,96
sub_003C8B10,0x3c8b10,0x3c8b90,128
sub_003C8B90,0x3c8b90,0x3c8c10,128
sub_003C8C10,0x3c8c10,0x3c8d10,256
sub_003C8D10,0x3c8d10,0x3c8dd0,192
sub_003C8DD0,0x3c8dd0,0x3c8e50,128
sub_003C8E50,0x3c8e50,0x3c8e90,64
sub_003C8E90,0x3c8e90,0x3c8f90,256
sub_003C8F90,0x3c8f90,0x3c9010,128
sub_003C9010,0x3c9010,0x3c9090,128
sub_003C9090,0x3c9090,0x3c9110,128
sub_003C9110,0x3c9110,0x3c9190,128
sub_003C9190,0x3c9190,0x3c9210,128
sub_003C9210,0x3c9210,0x3c9290,128
sub_003C9290,0x3c9290,0x3c9310,128
sub_003C9310,0x3c9310,0x3c9390,128
sub_003C9390,0x3c9390,0x3c9410,128
sub_003C9410,0x3c9410,0x3c9490,128
sub_003C9490,0x3c9490,0x3c9510,128
sub_003C9510,0x3c9510,0x3c9590,128
sub_003C9590,0x3c9590,0x3c9610,128
sub_003C9610,0x3c9610,0x3c9690,128
sub_003C9690,0x3c9690,0x3c9710,128
sub_003C9710,0x3c9710,0x3c9790,128
sub_003C9790,0x3c9790,0x3c9810,128
sub_003C9810,0x3c9810,0x3c9890,128
sub_003C9890,0x3c9890,0x3c9910,128
sub_003C9910,0x3c9910,0x3c9990,128
sub_003C9990,0x3c9990,0x3c9a10,128
sub_003C9A10,0x3c9a10,0x3c9a90,128
sub_003C9A90,0x3c9a90,0x3c9b10,128
sub_003C9B10,0x3c9b10,0x3c9b90,128
sub_003C9B90,0x3c9b90,0x3c9c70,224
sub_003C9C70,0x3c9c70,0x3c9cf0,128
sub_003C9CF0,0x3c9cf0,0x3c9d70,128
sub_003C9D70,0x3c9d70,0x3c9df0,128
sub_003C9DF0,0x3c9df0,0x3c9e70,128
sub_003C9E70,0x3c9e70,0x3c9ef0,128
sub_003C9EF0,0x3c9ef0,0x3c9f70,128
sub_003C9F70,0x3c9f70,0x3ca020,176
sub_003CA020,0x3ca020,0x3ca0a0,128
sub_003CA0A0,0x3ca0a0,0x3ca120,128
sub_003CA120,0x3ca120,0x3ca1d0,176
sub_003CA1D0,0x3ca1d0,0x3ca250,128
sub_003CA250,0x3ca250,0x3ca2d0,128
sub_003CA2D0,0x3ca2d0,0x3ca350,128
sub_003CA350,0x3ca350,0x3ca390,64
sub_003CA390,0x3ca390,0x3ca410,128
sub_003CA410,0x3ca410,0x3ca490,128
sub_003CA490,0x3ca490,0x3ca620,400
sub_003CA620,0x3ca620,0x3ca6d0,176
sub_003CA6D0,0x3ca6d0,0x3ca780,176
sub_003CA780,0x3ca780,0x3ca7f0,112
sub_003CA7F0,0x3ca7f0,0x3ca870,128
sub_003CA870,0x3ca870,0x3ca8f0,128
sub_003CA8F0,0x3ca8f0,0x3ca970,128
sub_003CA970,0x3ca970,0x3caa20,176
sub_003CAA20,0x3caa20,0x3caaa0,128
sub_003CAAA0,0x3caaa0,0x3cab20,128
sub_003CAB20,0x3cab20,0x3caba0,128
sub_003CABA0,0x3caba0,0x3cac20,128
sub_003CAC20,0x3cac20,0x3caca0,128
sub_003CACA0,0x3caca0,0x3cad20,128
sub_003CAD20,0x3cad20,0x3cada0,128
sub_003CADA0,0x3cada0,0x3cae20,128
sub_003CAE20,0x3cae20,0x3caea0,128
sub_003CAEA0,0x3caea0,0x3caf20,128
sub_003CAF20,0x3caf20,0x3cafa0,128
sub_003CAFA0,0x3cafa0,0x3caff0,80
sub_003CAFF0,0x3caff0,0x3cb040,80
sub_003CB040,0x3cb040,0x3cb0c0,128
sub_003CB0C0,0x3cb0c0,0x3cb170,176
sub_003CB170,0x3cb170,0x3cb1f0,128
sub_003CB1F0,0x3cb1f0,0x3cb270,128
sub_003CB270,0x3cb270,0x3cb300,144
sub_003CB300,0x3cb300,0x3cb380,128
sub_003CB380,0x3cb380,0x3cb400,128
sub_003CB400,0x3cb400,0x3cb4a0,160
sub_003CB4A0,0x3cb4a0,0x3cb790,752
sub_003CB790,0x3cb790,0x3cb8c0,304
sub_003CB8C0,0x3cb8c0,0x3cb940,128
sub_003CB940,0x3cb940,0x3cba10,208
sub_003CBA10,0x3cba10,0x3cbab0,160
sub_003CBAB0,0x3cbab0,0x3cbb30,128
sub_003CBB30,0x3cbb30,0x3cbbb0,128
sub_003CBBB0,0x3cbbb0,0x3cbc30,128
sub_003CBC30,0x3cbc30,0x3cbcb0,128
sub_003CBCB0,0x3cbcb0,0x3cbd30,128
sub_003CBD30,0x3cbd30,0x3cbdb0,128
sub_003CBDB0,0x3cbdb0,0x3cbe30,128
sub_003CBE30,0x3cbe30,0x3cbeb0,128
sub_003CBEB0,0x3cbeb0,0x3cbf30,128
sub_003CBF30,0x3cbf30,0x3cbfe0,176
sub_003CBFE0,0x3cbfe0,0x3cc060,128
sub_003CC060,0x3cc060,0x3cc0e0,128
sub_003CC0E0,0x3cc0e0,0x3cc160,128
sub_003CC160,0x3cc160,0x3cc1e0,128
sub_003CC1E0,0x3cc1e0,0x3cc2d0,240
sub_003CC2D0,0x3cc2d0,0x3cc350,128
sub_003CC350,0x3cc350,0x3cc3d0,128
sub_003CC3D0,0x3cc3d0,0x3d5a00,38448
